{
  "MinFDEK": {
    "RowMean": [
      0.2772397763852107,
      0.2772397763852107,
      0.2772397763852107
    ]
  },
  "MinADEK": {
    "RowMean": [
      0.12001473209246045,
      0.12001473209246045,
      0.12001473209246045
    ]
  },
  "MissRateTopK_2": {
    "RowMean": [
      0.0,
      0.0,
      0.0
    ]
  },
  "OffRoadRate": {
    "RowMean": [
      0.5
    ]
  }
}