{
  "MinFDEK": {
    "RowMean": [
      59.79187436418312,
      59.79187436418312,
      59.79187436418312
    ]
  },
  "MinADEK": {
    "RowMean": [
      35.7108615084484,
      35.7108615084484,
      35.7108615084484
    ]
  },
  "MissRateTopK_2": {
    "RowMean": [
      1.0,
      1.0,
      1.0
    ]
  },
  "OffRoadRate": {
    "RowMean": [
      1.0
    ]
  }
}